rating,flair_sentiment,date,developerResponse,review,isEdited,title,userName,App_Name,has_leaderboard,has_challenges,has_points,has_badges,has_feedback,has_social,has_tracking,has_goals,has_narrative,has_collab,word_count,Element type,Mentions
3,neg,2022-02-18 15:33:02,0,"I love the different sounds that you can fall asleep to. But the sleep tracker is sketchy. I intentionally would talk at random points and it never recorded it, all recordings were the same generic snore sound. Maybe a paid subscription would change this",0,Accuracy,dumbrequirement,ShutEye Sleep Tracker Sound,0,0,1,0,0,0,0,0,0,0,44,has_points,1
1,neg,2022-01-29 01:22:212022-03-15 16:27:322023-04-18 15:18:402022-06-17 10:56:17,"{'id': 27895340, 'body': 'We‚Äôre sorry you had this experience. But in order to protect users‚Äô privacy, we never save any user‚Äôs sleep recordings. So we have no way to provide you with a longer version of the recordings. And thanks for your feedback, we will strive to improve the quality of our customer service. If there is something else we could do for you, please tell us, and we will do our best to help you. Thank you for your trust and sorry again.', 'modified': '2022-02-07T12:44:17Z'}{'id': 28576191, 'body': 'We‚Äôre sorry you had this experience. ShutEye recognizes, calculates, and analyzes the files recorded by the microphone through artificial intelligence algorithms to produce your sleep status information. If you don‚Äôt make much noise while moving around, unfortunately our app will not be able to recognize you are awake.', 'modified': '2022-03-15T05:53:59Z'}{'id': 36061732, 'body': 'Hi  Mewdane, we‚Äôre sorry for the inconvenience. If you could send a detailed account of the problem to\xa0shuteye_support@enerjoy.life, it would really help us resolve this problem quickly.\xa0Thanks.', 'modified': '2023-04-20T01:20:07Z'}{'id': 30466137, 'body': 'Hi, sorry for the inconvenience. We provide a free trial to let our users try the premium features completely for free, before committing to pay. If you have any problems, please feel free to contact us at shuteye_support@enerjoy.life. Thanks.', 'modified': '2022-06-21T02:20:52Z'}","I listened to all the sounds from the night after my first night. From a recording at 4:45am I heard two men whispering in the background and you could hear one of them saying ‚Äúdid you put it in the bag?‚Äù And the other said ‚Äúyea‚Äù. Im a single woman living alone. Once I heard it the next day I called the cops and they did a full swoop of my house and confirmed they heard voices in the recording. Being that I heard the sound the next day there was not much the police could do and suggested I reach out to the app to see if they could send me a longer version or the recording etc..

I sent an email to the apps customer service. I heard nothing for 3 days and emailed them again. I then got a response after a week saying ‚Äúthank you we will pass along your feedback‚Äù. I wasn‚Äôt giving feedback I was inquiring about my safety and well being and asking for their help as I was fearful someone broke in. For an app that costs $40 a month I‚Äôd expect the customer service to be helpful and not robotic and disregard all requests. Is a shame bc I actually enjoyed the app but don‚Äôt want to promote or give money to a service that doesn‚Äôt care about their users well beingI‚Äôd like to know how it thinks I‚Äôm asleep when I‚Äôm up moving around carrying my phone with me. There needs to be a way to say ‚Äúno I didn‚Äôt fall asleep in 17 minutes, I‚Äôm 43 and have never fallen asleep in 17 minutes, even when I haven‚Äôt slept at all the night before because I have raging insomnia.‚Äù At first I thought it was tracking my husband who falls asleep in seconds, but nope. We slept in separate rooms for a week. How am I asleep when I‚Äôm adjusting the phone volume or switching to a different recording to play? There‚Äôs no way to leave feedback when you wake up about how you slept or anything, just the three stupid emojis. Waste of money.

After their response is like to update. Says if I don‚Äôt make much noise moving around it won‚Äôt register it. Let me clarify. I live in a house with 6 children. It is NEVER quiet. How much noise do I have to make? ‚ÄúCall the cops bcuz there‚Äôs an intruder‚Äù noise? Seriously. And again, I‚Äôm playing games on the phone the app is running on‚Ä¶yet I‚Äôm sleeping. The phone is being moved around‚Ä¶yet I‚Äôm sleeping. And apparently I sleep drive, cuz we went to the gas station once. Whatever. This app is pointless.I bought it for the white noise, which seems to be interrupted. I need it to play continuously through the night, if the app is interrupted the noise stops, it stops after 30 minutes automatically.

I know that‚Äôs not the apps intention, I don‚Äôt need tracking, I just need better white noise. 
I‚Äôd like to cancel please.Another predatory app developer,  longer I used the app the less accurate it was.  There is no support other than the standard ‚Äú Thanks for the feedback‚Äù, so save your money.",1,Terrible customer service for the monthly costNopeDon‚Äôt buy it for white noise alone.Save your money,zoshrhettBMS82216MewdaneRick Hillman,ShutEye Sleep Tracker SoundShutEye Sleep Tracker SoundShutEye Sleep Tracker SoundShutEye Sleep Tracker Sound,0,0,0,0,4,0,2,0,0,0,538,has_feedback,13
2,neg,2022-08-26 11:55:192022-04-19 10:27:002021-02-23 17:47:56,"{'id': 31709329, 'body': 'Thanks for your feedback. ShutEye recognizes, calculates, and analyzes the files recorded by the microphone through artificial intelligence algorithms to produce your sleep status information. For more accurate data a quiet sleep area is best. If you have any problems, please feel free to contact us at shuteye_support@enerjoy.life. Thanks.', 'modified': '2022-08-29T06:23:57Z'}{'id': 29247379, 'body': 'Thanks for your feedback, I‚Äôm so sorry that our sleep tracker can‚Äôt track two people‚Äôs sleep at the same time now. ShutEye recognizes, calculates, and analyzes the files recorded by the microphone through artificial intelligence algorithms to produce your sleep status information. So two people‚Äôs noise may be regarded as one‚Äôs noise now. We consider adding a feature like this in a future update. Stay tuned, and thanks so much for helping us improve our product. Hope you can enjoy the app without it.', 'modified': '2022-04-19T02:33:42Z'}","I decided to write a review after I seen it said i fell asleep in 8 minutes last night and that I had lots of deep sleep when in fact I didn‚Äôt fall asleep AT ALL THE WHOLE NIGHT! It is NEVER accurate with when I fall asleep! The only thing i like about this app is the sounds to fall asleep with and the recordings of snoring and sounds. I dont believe it is accurate at all with any of the sleep statistics. And the cost of the app is way too high since it gives you continuous misleading information.My son slept in my room last night. I put my phone between us. He woke me up talking a few times. The app did not record it. How can it possibly be accurate?
Developer feedback said it tracks as one person. I understand that, I expected that but it didn‚Äôt record him talking at all. It was right next to him. It could have recorded it as me, as environment, anything. It woke me up so it was loud enough.Had this 2 nites. Every time I touch it it wants feedback and then money. There is unique value BUT at a cost of being harangued for feedback and money money money. Give me a few days to try it!",1,I‚Äôm not asleepRecordings are not accurateBegs feedback & $$$ Some value,Geri AndersonMom any daySdillon55,ShutEye Sleep Tracker SoundShutEye Sleep Tracker SoundShutEye Sleep Tracker Sound,0,0,0,0,3,0,0,0,0,0,222,has_feedback,13
3,neg,2022-01-21 11:44:14,"{'id': 27631563, 'body': 'Thanks for your feedback, I‚Äôm so sorry that our sleep tracker can‚Äôt track two people‚Äôs sleep at the same time now. ShutEye recognizes, calculates, and analyzes the files recorded by the microphone through artificial intelligence algorithms to produce your sleep status information. So two people‚Äôs noise may be regarded as one‚Äôs noise now. We consider adding a feature like this in a future update. Stay tuned, and thanks so much for helping us improve our product.', 'modified': '2022-01-24T15:02:44Z'}","I really like the app so far but I don‚Äôt see how it will work for me personally. I‚Äôm open to suggestions as maybe there is something I‚Äôm not aware of. 

So far, it‚Äôs combining the sleep of my husband and I. The tracker shows I am in deep sleep when in fact I‚Äôm wide awake listening to my husband snore. And it recorded him coming in from work and taking medication as me teeth grinding and in deep sleep. Nope. While I am able to mark the recordings as errors, it would be nice to be able to make a quick note of why it‚Äôs an error (not my snore, I‚Äôm awake, that‚Äôs a pill bottle). It seems to me this feedback would help shuteye better identify the noises it hears to track better. I‚Äôm exhausted from little sleep and yet it states I was asleep 6:17 of the 7 I was in bed. In fact I was awake much more and walking around at a time it tells me I was deep sleeping. I‚Äôm confused but there must be a better way.",0,A few kinks but I really like it,vyugfgvfhb,ShutEye Sleep Tracker Sound,0,0,0,0,1,0,0,0,0,0,184,has_feedback,13
4,neg,2020-10-13 10:07:002022-04-18 23:01:59,0,"When I first started the app, it gave me great feedback. Lately it tells me I went to bed 23 hours 17 minutes earlier than usual. Also is Sleep Latency the same as how long it took to fall asleep? Because now it says ‚Äúyou fell asleep really fast ‚Äú and the sleep latency numbers are between 6 and 12 minutes. The Sleep Habits show last night 5 hours 31 minutes but the weekly average shows 16 hours 40 minutes 11:26 pm   4:05 pm. I never sleep to the afternoon, it should read 4:05 am.I really like the feedback the app gives you about your snoring and sleep patterns but it records both sleepers and my husband's snoring was recorded as mine and that is a little frustrating.",0,Don‚Äôt care for the VIPgood if you sleep alone,BrighteyesinpaDJksek,ShutEye Sleep Tracker SoundShutEye Sleep Tracker Sound,0,0,0,0,2,0,0,0,0,0,129,has_feedback,13
5,pos,2021-12-03 14:34:222022-08-06 04:10:492022-10-05 04:38:49,"{'id': 32454938, 'body': 'We‚Äôre so happy to hear ShutEye was able to help you! We hope all the different meditations and sleep sounds can send you right to bed. We also spend a lot of time making sure our library offers high-quality content. Also, please let us know if you have any suggestions for how we could further improve. And, again, thanks so much for the feedback!', 'modified': '2022-10-08T07:11:22Z'}","I wasn‚Äôt sure how accurate this app would be when detecting if I snored, coughed, or even talked in my sleep. But it actually does a really good job. Best part is, I can easily submit feedback if a detection is inaccurate. This app is definitely worth the money, thank you so much!!This solves all your late night problems and gives funny feedback when you toot! Hehe! Yes this app is amazing and I recommend the premium version as it unlocks special features and lets you customize your sleep plan! Make the turn to better and healthier sleep!I normally have a hard time falling asleep but the meditation and the music I chose for myself helps a lot! I also learned the best patterns for me to receive a good nights rest based on the feedback it gave me. I really enjoy this app!",0,Accurate and worth the moneyBest App EverThe best!,dawnbemeBestAppEverCreated1Kammi Capri,ShutEye Sleep Tracker SoundShutEye Sleep Tracker SoundShutEye Sleep Tracker Sound,0,0,0,0,3,0,0,0,0,0,146,has_feedback,13
5,pos,2023-02-12 04:04:19,0,I rate it 5 stars because I love when you set your timer and I love when you sign in and then you go on social media it says time for bed and it tells you what you did in your sleep it‚Äôs so cool you should download it,0,5 stars,lhaleigh,ShutEye Sleep Tracker Sound,0,0,0,0,0,1,0,0,0,0,49,has_social,1
1,neg,2022-03-15 16:27:322023-03-27 13:20:332023-04-10 16:33:332023-09-13 04:34:532022-10-09 15:02:502023-03-22 14:12:422022-01-22 16:43:332023-09-04 02:36:032022-07-11 21:11:502022-06-12 13:51:192021-10-12 04:47:122020-08-13 15:03:422022-02-15 12:40:592023-04-18 15:18:402021-11-21 15:40:412021-08-23 01:57:032021-10-21 11:27:402022-03-23 07:59:572020-08-04 11:23:002023-01-27 08:05:182022-02-27 15:56:08,"{'id': 28576191, 'body': 'We‚Äôre sorry you had this experience. ShutEye recognizes, calculates, and analyzes the files recorded by the microphone through artificial intelligence algorithms to produce your sleep status information. If you don‚Äôt make much noise while moving around, unfortunately our app will not be able to recognize you are awake.', 'modified': '2022-03-15T05:53:59Z'}{'id': 35644139, 'body': 'Hi Christina, we‚Äôre sorry for the inconvenience. We‚Äôve already alerted the designers to this problem. Could you please send a detailed description of the problem and screenshots to\xa0shuteye_support@enerjoy.life? It would really help us resolve this problem quickly.\xa0Thanks!', 'modified': '2023-03-29T01:18:22Z'}{'id': 35853391, 'body': 'Hi Muzzie, one reason for the discrepancy might be that the app records time spent asleep, not time in bed. Taking this into account, if you still feel Sleep Tracker has shut off prematurely, this might be caused by insufficient phone charge. Please be sure that your phone is plugged in while using Sleep Tracker.  ', 'modified': '2023-04-10T02:39:12Z'}{'id': 39002510, 'body': 'Hi sabreelynv, one reason for the discrepancy might be that the app records time spent asleep, not time in bed. Taking this into account, if you still feel Sleep Tracker has shut off prematurely, this might be caused by insufficient phone charge. Please be sure that your phone is plugged in while using Sleep Tracker. \xa0', 'modified': '2023-09-19T08:28:43Z'}{'id': 32522790, 'body': 'We‚Äôre sorry you had this experience. Thank you for bringing it to our attention, and we‚Äôre doing our best to resolve this issue.  But as we‚Äôre a small developer, we currently rely on user support to help us improve quality and content. We take giving users a positive experience seriously, so we value feedback like you immensely. Thanks again. ', 'modified': '2022-10-12T03:23:45Z'}{'id': 35558190, 'body': 'Hi Disney, one reason for the discrepancy might be that the app records time spent asleep, not time in bed. Taking this into account, if you still feel Sleep Tracker has shut off prematurely, this might be caused by insufficient phone charge. Please be sure that your phone is plugged in while using Sleep Tracker.  ', 'modified': '2023-03-24T01:31:18Z'}{'id': 27630618, 'body': 'We‚Äôre sorry you had this experience. Thank you for bringing it to our attention, and we‚Äôre doing our best to resolve this issue. We take giving users a positive experience seriously, so we value feedback like you immensely. Thanks again.\r', 'modified': '2022-01-24T14:23:31Z'}{'id': 38800351, 'body': 'We‚Äôre sorry you had this experience. Thank you for bringing it to our attention, and we‚Äôre doing our best to resolve this issue. We take giving users a positive experience seriously, so we value feedback like you immensely. Thanks again.', 'modified': '2023-09-08T10:07:03Z'}{'id': 30968556, 'body': 'We‚Äôre sorry for the inconvenience. We‚Äôve already alerted the designers to this problem. If you could send a detailed account of the problem to\xa0shuteye_support@enerjoy.life, it would really help us resolve this problem quickly.\xa0', 'modified': '2022-07-19T09:08:57Z'}{'id': 30466260, 'body': 'We‚Äôre sorry for the inconvenience. We‚Äôve already alerted the designers to this problem. If you could send a detailed account of the problem to\xa0shuteye_support@enerjoy.life, it would really help us resolve this problem quickly.\xa0', 'modified': '2022-06-21T02:29:11Z'}{'id': 28249696, 'body': 'Hi, Lynda, Thanks for your feedback. I‚Äôm so sorry that our sleep tracker can‚Äôt track two people‚Äôs sleep at the same time now. ShutEye recognizes, calculates, and analyzes the files recorded by the microphone through artificial intelligence algorithms to produce your sleep status information. So two people‚Äôs noise may be regarded as one‚Äôs noise now. We consider adding a feature like this in a future update. Thanks for reaching out and your patience as we look to resolve this.', 'modified': '2022-02-25T07:16:07Z'}{'id': 36061732, 'body': 'Hi  Mewdane, we‚Äôre sorry for the inconvenience. If you could send a detailed account of the problem to\xa0shuteye_support@enerjoy.life, it would really help us resolve this problem quickly.\xa0Thanks.', 'modified': '2023-04-20T01:20:07Z'}{'id': 26419455, 'body': 'Sorry that you‚Äôve been experiencing issues. As you know, our app provides a free trial for our users to try the premium features. You can simply manage and cancel your trial by going to your account setting on the App Store, before committing to pay. If you still have problems, please feel free to contact us at contact.sleep@enerjoy.life. Thanks!', 'modified': '2021-11-22T23:24:12Z'}{'id': 24701635, 'body': 'Hi, thank you for your feedback. We promise that we will not infringe any personal privacy, and will not collect any personal information from you. Please rest assured! We devote ourselves to helping you have a good sleep at night. If you still have any questions, please contact us at contact.sleep@enerjoy.life. We will answer your questions.', 'modified': '2021-08-25T03:43:46Z'}{'id': 28771098, 'body': 'We‚Äôre sorry for the inconvenience. We‚Äôve already alerted the designers to this problem. If you could send a detailed account of the problem to\xa0shuteye_support@enerjoy.life, it would really help us resolve this problem quickly.\xa0', 'modified': '2022-03-25T02:36:23Z'}{'id': 34536943, 'body': 'Hi Johnny, one reason for the discrepancy might be that the app records time spent asleep, not time in bed. Taking this into account, if you still feel Sleep Tracker has shut off prematurely, this might be caused by insufficient phone charge. Please be sure that your phone is plugged in while using Sleep Tracker.', 'modified': '2023-01-29T02:16:48Z'}","I‚Äôd like to know how it thinks I‚Äôm asleep when I‚Äôm up moving around carrying my phone with me. There needs to be a way to say ‚Äúno I didn‚Äôt fall asleep in 17 minutes, I‚Äôm 43 and have never fallen asleep in 17 minutes, even when I haven‚Äôt slept at all the night before because I have raging insomnia.‚Äù At first I thought it was tracking my husband who falls asleep in seconds, but nope. We slept in separate rooms for a week. How am I asleep when I‚Äôm adjusting the phone volume or switching to a different recording to play? There‚Äôs no way to leave feedback when you wake up about how you slept or anything, just the three stupid emojis. Waste of money.

After their response is like to update. Says if I don‚Äôt make much noise moving around it won‚Äôt register it. Let me clarify. I live in a house with 6 children. It is NEVER quiet. How much noise do I have to make? ‚ÄúCall the cops bcuz there‚Äôs an intruder‚Äù noise? Seriously. And again, I‚Äôm playing games on the phone the app is running on‚Ä¶yet I‚Äôm sleeping. The phone is being moved around‚Ä¶yet I‚Äôm sleeping. And apparently I sleep drive, cuz we went to the gas station once. Whatever. This app is pointless.This app is saying that I‚Äôve fallen asleep in 8-22 minutes. But I literally lay here all night tossing and turning. It says I‚Äôm ‚Äúsnoring‚Äù when I‚Äôm wide awake clearing my throat. I have allergies. The only sound this thing has gotten correct was the ‚Äúanimal sound‚Äù.  It is not tracking sleep accurately or any of the sounds. It said I was snoring the other night and it was my roommate using a blender in the other room!  This app is a waste of time and money. I even tested it by talking.  Every so often I would just say, ‚ÄúI‚Äôm awake still, so if this is saying I‚Äôm in deep sleep it‚Äôs not accurate‚Äù.  I said that about five times and it did not record one time of me talking. (I thought it‚Äôs supposed to let you know if you‚Äôre talking in your sleep. It should allow us the entire recording and not snippets some Ai picked out that are not even close to being snoring or talking or deep sleep. Shoot, last night it didn‚Äôt even realize I was not sleeping and I was tossing and turning. But it didn‚Äôt pick up those sounds either. I am extremely disappointed and want a refund. Please and thank you.Although this app has helped me identify a snoring issue, it is not accurate in tracking when I am actually asleep. For example: it tracked that I fell asleep in 9 minutes, when I was actually awake. It showed I was either in deep sleep or light sleep when I had actually gotten out of bed. I started speaking during these times and started getting clips of me ‚Äútalking in my sleep‚Äù saying things like ‚ÄúI‚Äôm awake now‚Äù. I‚Äôm pretty dubious about it‚Äôs ability to know that I‚Äôm asleep, let alone the depth of sleep I am in.

::::::::follow up:::::::::::

I received this response from the developer: ""Hi Muzzie, one reason for the discrepancy might be that the app records time spent asleep, not time in bed. Taking this into account, if you still feel Sleep Tracker has shut off prematurely, this might be caused by insufficient phone charge. Please be sure that your phone is plugged in while using Sleep Tracker. ""

lt seems that this is a response to a completely different review, as I never said the sleep tracker turned off. What I said was the sleep tracker could not discern if I were awake or asleep, as evidenced by the fact that it used clips of me saying things like ‚ÄúI‚Äôm awake now, just for the record‚Äù as examples of me ‚Äútalking in my sleep‚Äù.  It reported that I was asleep when I was clearly awake.  Not once, but several times. 

So again, not this app is NOT an accurate tracker of sleep patterns.The one thing I like about this app is the variety of sounds you can use with the free trial.

However, the actual sleep tracking is inaccurate. My chart says I have fallen asleep in less than 15 mins, which I know is not true because I always have trouble falling asleep. Even the times when I look at the time on my phone after tossing and turning the chart does not log that I was awake. Also, I usually wake up to use the restroom every night, and sometimes the app doesn‚Äôt even log that I woke up. Additionally, sometimes I will wake up before my alarm, and the app doesn‚Äôt track it. Finally, a lot of the recorded sounds are absolutely nothing (humming of my fan, etc.). 

Overall, it seems that the app think I fall asleep immediately when I turn the sleep mode on, wake up when the alarm goes off, and only listens for big noise to signify that I am awake.I‚Äôve had this app for 50 days and at first it was great, I‚Äôm not sure how it actually tracks your sleep because it was mostly giving me a very wavy graph. 

It also wasn‚Äôt picking up that I was awake when someone came in to talk to me early in the morning, and the app recorded both voices. I wasn‚Äôt worried about this because I usually fall asleep quickly afterwards, and it didn‚Äôt effect my overall sleep. 

The past week it has been changing my sleep graph so much that I wake up from a 8-9 hr night to a 0-50 sleep score because it thinks I only slept for 45 minutes to an hour. 

Also every time you open the app it shows you the offer to buy premium, often giving a deal. You can not use the app until you exit the ad, and sometimes you have to wait for the wheel to spin and land on jackpot before the X pops up. Once I‚Äôve initially declined the premium membership I don‚Äôt want to continue to see pop ups about it. There are some features that are unavailable without premium (which is fine by me), and in opening these one could go about purchasing the premium. We don‚Äôt need it shoved in our faces every time we open the app when we‚Äôre trying to go to sleep.Other than recording noises, its not accurate.  1) ai have dx sleep apnea, waiting on my machine and the app since I started using it not once registered anything but ZERO for my apnea. 2) the sleep tracking is not correct.  Just last night it took me from 10pm to at least midnight (the last time I looked at the time) to fall asleep and it says it took me 24 minutes and says I was asleep for 7 hours 40 mins. No way I was. Midnight to 6 am is not 7 hours 40 minutes.   I am going to be asking for a refund. Does not do as advertised.The recordings it made were all errors. The app tracked my spouse and my dog but not me even though the phone was next to me. It said I had bruxism when it was a door closing. 
It won‚Äôt give me a Sleep Score until I use it for 7 nights! Useless!
Every time I opened the app it asked me to rate it. This is on the premium version. I got tired of seeing it so here is my rating.
There is no connecting to my Apple Watch so no heart rate information. All the features can be found free in other apps so don‚Äôt bother with this one.This app continues to self terminate without direction from the user.  If you wake during the night look at your phone bam automatically stops and assigns a nights sleep score.  Not cool for folks trying to keep a running rally on total sleep values.  Maybe they will address this.  Auto analysis should not happen after three hours unless the user is prompted.  END your sleep?  Nope it ends sessions for you.  Please correct this.
MarcIt really doesn‚Äôt track well. I have chronic pain and insomnia. When I wake up at night I always look at the clock and check it again  and again. Anyone with insomnia will understand that. Unfortunately the app records me in a deep sleep mostly. I have sent messages through the app and never get a reply. I would look for a different if you are serious about tracking your sleep.So first off the only good this a rain sounds but they stop playing later on second I started recording and i went to sleep like 10 hours and i wake up and it says ‚ÄúQuit tracking?
You've slept less than 30 min, not long
enough to generate a detailed sleep report.‚Äù Ad ive been recording all night if it does not work in a few days im probably better off deleting it and going on something else.The sleep tracking is good but the alarm has changed on its own every night. I consistently set it to 7am-7:30am but get woken up by this stupid app at anywhere from 5-6 am. Double Checked all my other alarms and can‚Äôt figure it out. Even take screenshots every night and morning to make sure I‚Äôm not going insane. Really would like a refund if this can‚Äôt be figured outWorst app ever!  I‚Äôve tried to use it several nights using different variations from listening to nature sounds to silence.  Every morning when I wake up I go to quit tracking and it pops up a message saying ‚ÄúIt‚Äôs been less than 30 mins, not enough data to generate a report.‚Äù Don‚Äôt waste your time or money with this one!!!!  I‚Äôve had far more success with the free version of Sleep Cycle.This app has sounds to help you sleep but as far as sleep tracking, it is complicated and useless. Plus, it records My husband‚Äôs snoring as MY snoring! Don‚Äôt waste your money. Many nights, I set it to track my sleep and upon awakening, it recorded NONE of my sleep. It was a very expensive app and had some good reviews but it is not worth even using for free.I bought it for the white noise, which seems to be interrupted. I need it to play continuously through the night, if the app is interrupted the noise stops, it stops after 30 minutes automatically.

I know that‚Äôs not the apps intention, I don‚Äôt need tracking, I just need better white noise. 
I‚Äôd like to cancel please.I was willing to try the ‚Äúfree trial‚Äù but I was charge that very day. When I tried the app, it didn‚Äôt track my night‚Äôs sleep even though I turned tracking on. When I went to cancel the subscription after 4 days, it canceled I didn‚Äôt get my money back.
Don‚Äôt try this app, unless you want to give money away.So I basically downloaded it and I didn‚Äôt want to sound track no more and it asked why did u want to stop tacking with a smiley face and I was like no so I deleted it don‚Äôt get it if you think some one is tracking you in your phone or iPad or anything U have in the camera of it ‚òπÔ∏èI don‚Äôt like leaving my cell phone plugged in all night. I can‚Äôt remember to ‚Äòstart‚Äô tracking before I go to sleep. I expected the tracker to work with my iWatch, but it doesn‚Äôt. Just disappointed with the program and technology behind it. Needs some work.The app will stop working half way through the night and I lose my tracking progress. You can not stop tracking and pick back up. I have wasted my money on this app. Do not buy the full version.The tracker is out control with the timing and with tracking the sounds.  I agreed with the other users that the price is to high when this company is having to many technical issues.  I‚Äôll try it for the rest of the trials days and see what happens.I wake up frequently and the app stops tracking me after I wake up. I was recently diagnosed with sleep apnea through a sleep test, but the app tells me I have a ‚Äúlow‚Äù risk of sleep apnea. This app doesn‚Äôt work.My child woke me up SEVEN times last night. The app says I got a 94 sleep score and I should enjoy a day full of energy. Haha, nice one!  I feel like crapola. This is just one nights example of my month of trying Shut Eye.",2,NopeWhat a jokeNot EXACTLY accurate trackingInaccurateDoes not accurately track sleep patternsThis app is not accurate at allDoes not work at allIssue with App self terminationI have tried to like this but I don‚Äôt!!Would be a good app but‚Ä¶Alarm bug?Track WhatOnly good for soundsDon‚Äôt buy it for white noise alone.The free trial is not free!I feel like it‚Äôs stalking meüôÅNot what I thoughtApp stops workingFirst day did not workDoes not workNot for parents,BMS82216Christina NavyGirlMuzzieJakeHarrysabreelynvRiahWayDisneyluver70North Carolina sleeperWant a better waygabbyonenumber one game‚ö•‚ö•‚ö•‚ö•‚ö•‚ö•‚ö•‚ö•‚ö•dismalmeerkatmeldylkatLynda LewMewdaneqqqqqqqqqqqqqquietOOOOF.OORGWSeabacka√±ymario carcamoMeunome√©johnnyDashkr,ShutEye Sleep Tracker SoundShutEye Sleep Tracker SoundShutEye Sleep Tracker SoundShutEye Sleep Tracker SoundShutEye Sleep Tracker SoundShutEye Sleep Tracker SoundShutEye Sleep Tracker SoundShutEye Sleep Tracker SoundShutEye Sleep Tracker SoundShutEye Sleep Tracker SoundShutEye Sleep Tracker SoundShutEye Sleep Tracker SoundShutEye Sleep Tracker SoundShutEye Sleep Tracker SoundShutEye Sleep Tracker SoundShutEye Sleep Tracker SoundShutEye Sleep Tracker SoundShutEye Sleep Tracker SoundShutEye Sleep Tracker SoundShutEye Sleep Tracker SoundShutEye Sleep Tracker Sound,0,0,0,0,2,0,21,0,0,0,2141,has_tracking,81
1,pos,2023-04-28 08:00:50,"{'id': 36344172, 'body': 'Hi, thank you for the feedback, we‚Äôll take your suggestion into consideration, we are always looking for new ways to continue improving. Thanks again.', 'modified': '2023-05-05T07:49:37Z'}",Trying out the trial part first‚Ä¶ I use another sleep app‚Ä¶ but the one I use tracks my sleep via my iwatch as well as when I doze off when watching tv‚Ä¶ when my phone is not next to me when sleeping‚Ä¶.  That‚Äôs what I was looking for‚Ä¶ I wish I could contact customer service in the app‚Ä¶ to ask questions‚Ä¶ I just want auto tracking also‚Ä¶. I don‚Äôt want to have to turn on each time I‚Äôm gonna fall asleep‚Ä¶ or at least do it easier‚Ä¶,0,Not getting it? I can‚Äôt figure it out,falling asleep is exhausting,ShutEye Sleep Tracker Sound,0,0,0,0,0,0,1,0,0,0,87,has_tracking,81
2,neg,2023-03-02 11:54:292023-09-03 11:05:462021-01-27 21:41:262023-10-07 10:51:352020-07-30 22:52:102020-08-13 15:33:182020-08-12 01:15:372021-05-28 08:47:432022-09-01 07:55:532023-04-06 17:29:482022-03-09 16:52:372020-10-08 04:35:532020-10-14 11:09:152022-10-11 06:59:462021-08-31 06:05:002021-05-11 18:27:332022-03-20 15:10:032022-11-08 13:12:502022-02-01 10:36:372020-08-30 22:36:022023-06-13 11:43:02,"{'id': 35216091, 'body': 'Hi TheStinkyRebel, thanks for your feedback. If you could send a detailed account of the problem to\xa0shuteye_support@enerjoy.life, it would really help us resolve this problem quickly.\xa0Thanks.', 'modified': '2023-03-06T03:13:29Z'}{'id': 38799907, 'body': 'We‚Äôre sorry you had this experience. Thank you for bringing it to our attention, and we‚Äôre doing our best to resolve this issue. We take giving users a positive experience seriously, so we value feedback like you immensely. Thanks again.', 'modified': '2023-09-08T09:55:36Z'}{'id': 20820486, 'body': 'Thank you for the feedback, we‚Äôll take your suggestion into consideration, we are always looking for new ways to continue improving.\r\n', 'modified': '2021-02-03T03:11:51Z'}{'id': 39402629, 'body': 'Hi JollyRancher, one reason for the discrepancy might be that the app records time spent asleep, not time in bed. Taking this into account, if you still feel Sleep Tracker has shut off prematurely, this might be caused by insufficient phone charge. Please be sure that your phone is plugged in while using Sleep Tracker. \xa0', 'modified': '2023-10-09T10:02:04Z'}{'id': 18367989, 'body': 'We‚Äôre sorry you had this experience. Thank you for bringing it to our attention, and we‚Äôre doing our best to resolve this issue. We take giving users a positive experience seriously, so we value feedback like you immensely. Thanks again.', 'modified': '2020-10-09T08:03:40Z'}{'id': 18368154, 'body': 'Hi, thank you for the feedback. One reason for the discrepancy might be that the app records time spent asleep, not time in bed. Taking this into account, if you still feel Sleep Tracker has shut off prematurely, this might be caused by insufficient phone charge. Please be sure that your phone is plugged in while using Sleep Tracker.  \r\n', 'modified': '2020-10-09T08:07:47Z'}{'id': 18368600, 'body': 'We‚Äôre sorry you had this experience. Thank you for bringing it to our attention, and we‚Äôre doing our best to resolve this issue. We take giving users a positive experience seriously, so we value feedback like you immensely. Thanks again.', 'modified': '2020-10-09T08:25:38Z'}{'id': 23240433, 'body': 'We‚Äôre really sorry for the inconvenience. We‚Äôve already informed the developers to this problem. If you could send a detailed account of the problem to\xa0contact.sleep@enerjoy.life, it would really help us resolve this problem quickly.\xa0\r\n\r\n', 'modified': '2021-06-07T12:44:45Z'}{'id': 31826650, 'body': 'We‚Äôre sorry you had this experience. Thank you for bringing it to our attention, and we‚Äôre doing our best to resolve this issue. We take giving users a positive experience seriously, so we value feedback like you immensely. And you can get a refund through Apple support. If you have any problems, please feel free to contact us at shuteye_support@enerjoy.life. Thanks.', 'modified': '2022-09-05T03:58:49Z'}{'id': 35853376, 'body': 'Hi Bouvier baby, we‚Äôre sorry for the inconvenience. If you could send a detailed account of the problem to\xa0shuteye_support@enerjoy.life, it would really help us resolve this problem quickly.\xa0Thanks.', 'modified': '2023-04-10T02:38:19Z'}{'id': 28576009, 'body': 'Thanks for your feedback, I‚Äôm so sorry that our sleep tracker can‚Äôt track two people‚Äôs sleep at the same time now. ShutEye recognizes, calculates, and analyzes the files recorded by the microphone through artificial intelligence algorithms to produce your sleep status information. So two people‚Äôs noises may be regarded as one‚Äôs noise now. We consider adding a feature like this in a future update. Stay tuned, and thanks so much for helping us improve our product. Hope you can enjoy the app without it.', 'modified': '2022-03-15T05:38:53Z'}{'id': 19277489, 'body': 'Hi, Alisia, We‚Äôre sorry you had this experience. Thank you for bringing it to our attention, and we‚Äôre doing our best to resolve this issue. We take giving users a positive experience seriously, so we value feedback like you immensely. Thanks again.', 'modified': '2020-11-23T03:25:10Z'}{'id': 19243715, 'body': 'Thanks for your feedback, we‚Äôll take your suggestion in to consideration and always look for new ways to continue improving.', 'modified': '2020-11-20T12:22:53Z'}{'id': 32543439, 'body': 'We‚Äôre sorry you had this experience. Thank you for bringing it to our attention, and we‚Äôre doing our best to resolve this issue. We take giving users a positive experience seriously, so we value feedback like you immensely. Thanks again.', 'modified': '2022-10-13T02:45:28Z'}{'id': 22852349, 'body': 'Hi. We‚Äôre sorry you had this experience. One reason for the discrepancy might be that the app records time spent asleep, not time in bed. Taking this into account, if you still feel Sleep Tracker has shut off prematurely, this might be caused by insufficient phone charge. Please be sure that your phone is plugged in while using Sleep Tracker.  \r\n', 'modified': '2021-05-17T12:46:04Z'}{'id': 28771069, 'body': 'We‚Äôre sorry you had this experience. Our sleep recording software relies on environmental queues. A complete lack of recordings is very likely the result of your sleep environment being too noisy. For more accurate data a quiet sleep area is best.  ', 'modified': '2022-03-25T02:32:58Z'}{'id': 33078094, 'body': 'Hi Jenlar, we are sorry for the inconvenience. One reason for the tracking problem might be caused by insufficient phone charge. Please be sure that your phone is plugged in while using Sleep Tracker. If you still have any problems, please feel free to contact us at shuteye_support@enerjoy.life. Thank you for your support and understanding!', 'modified': '2022-11-10T04:10:22Z'}{'id': 28250381, 'body': 'Thanks for your feedback, I‚Äôm so sorry that our sleep tracker can‚Äôt track two people‚Äôs sleep at the same time now. ShutEye recognizes, calculates, and analyzes the files recorded by the microphone through artificial intelligence algorithms to produce your sleep status information. So two people‚Äôs noise may be regarded as one‚Äôs noise now. We consider adding a feature like this in a future update. Stay tuned, and thanks so much for helping us improve our product. Hope you can enjoy the app without it. Thank you for the feedback.', 'modified': '2022-02-25T07:50:11Z'}{'id': 37151625, 'body': 'Hi, we‚Äôre sorry for the inconvenience. We‚Äôve already alerted the designers to this problem. Could you please send a detailed description of the problem and screenshots to contact.alarmme@enerjoy.life? It would really help us resolve this problem quickly. Thanks!\r\n\r', 'modified': '2023-06-16T03:03:20Z'}","I bought a year subscription to try it out since the one week free trial isn‚Äôt enough. After having it for 40 days, I‚Äôm not impressed. It ‚Äútracks‚Äù every little thing. The recordings aren‚Äôt accurate and you can‚Äôt correct the information yourself except delete the recordings. Says I have bruxism when I wear a mouth guard to prevent bruxism. And the recording literally heard nothing. Not exactly sure how it knows when you‚Äôve fallen asleep or gone into deep sleep without tracking your heart rate or movements. All it‚Äôs doing is listening for sounds. Last night it said I fell asleep in an hour. I know that‚Äôs not possible because I was extremely tired and normally fall asleep in <15min. on regular nights. Don‚Äôt waste your money. If you want a real sleep tracker, invest in a Garmin or an Oura ring. Might be more expensive for a one time upfront cost, but at least you‚Äôll get accurate consistent data. I‚Äôm only giving this 2 stars because I do like the sounds features. Other than that, the app is useless and unless there‚Äôs a way they can start tracking your HR there‚Äôs nothing this app can do to improve. 
Response to developer: no my phone is not shutting off prematurely. I always have it plugged in at night. Yesterday it also said I was awake for two hours in the middle of the night. When I know for a fact I wasn‚Äôt.This app is not accurate in the slightest. I paid for the full year subscription because I got a 50% discount when I logged in. However, after having for only two weeks I‚Äôm disappointed and am regretting buying. I use both my phone and this app for the tracking sleep. I also have a history of struggling to fall asleep and waking up several times throughout the night. My watch picked up on how long it took for me to fall asleep and every time I woke up. On the other hand, the app said I fell asleep in 5 minutes and never woke up. Ik this isn‚Äôt right because 30 minutes after trying to fall asleep I checked the time, and I remember waking up during the night. This app only goes off sound, there‚Äôs no way for it to get an accurate account without heart rate and movements. The only feature I do like is the sounds, and the only good part to come out of the subscription is how many of them there are. Otherwise, don‚Äôt waste your moneyGood:

This app does better than others I‚Äôve tried at actually recording noises during the night. They are usually miscategorized, but that is not a huge issue. 

Neutral:

It does an okay job of actually tracking sleep. It‚Äôs accuracy is far from perfect. It often ‚Äúmisses‚Äù my wake ups during the night, for example. But it‚Äôs at least as good as other trackers I‚Äôve tried and maybe a bit better. 

Bad:

It‚Äôs impossible to change their suggestions. It asked me what my ideal sleep schedule would be. However, my ideal is not realistic (since my job wants me there at 8 AM not 1 PM!). I didn‚Äôt realize I would never be able to change. The app now thinks I should go to bed at 1:30 and get up at 9. I could that for a couple days before getting fired maybe. 

It is very naggy. Get up when you wake up that‚Äôs 30 minutes earlier than usual? Nag. Go to bed earlier or later? Nag. I get that consistency is good, but this seems to be totalitarian in outlook. 

Speaking of totalitarian, the text suffers from a subpar English translation. It‚Äôs easily understandable, but just different enough to make you recall that it is, in fact, translated. It makes me wonder how safe my data is. 

Summary:

I probably won‚Äôt renew this when it comes due. It is okay, but for me the lack of customizability/flexibility outweighs the decent recording ability. I will look for another solution down the road.I don‚Äôt care for this app. The white noise options are way too many and I have sleep sounds I prefer which can‚Äôt be played in the background. The sounds can only be played for 120 minutes as well. They are also recorded as loud noises and give a negative score for your sleep. 4 consecutive days it told me it needs 4 more days to get an accurate score which would put it out of the trial period. I guess that‚Äôs one way to force you to pay for it. You have to keep your phone plugged in and near your head which isn‚Äôt healthy and even apple has recommended you the phone away from bed.  I don‚Äôt use an alarm or use my phone for at least an hour after waking but this app encourages both. It not for me. Speaking of alarms though theirs is ok. The ukulele sound is cute and the puppy visual is cute.  Gif be better off with other sounds and meditating though for good sleep rather than relying on this .First off, I missed where they said they were gonna charge me $60. That was a surprise. (I guess that‚Äôs the perk of an app that you use when you are you‚Äôre most tired. 

Second, the app stopped working after only a few days. It records nothing now, even when I know I‚Äôve had a conversation. It also isn‚Äôt even recording the correct time anymore. I work 3rd shift and have an odd sleep schedule. Last ‚Äúnight‚Äù I started the app around 9 am and slept until 5 pm. The app shows I slept 12:51 am-6:51 am...

Third, the meditations restart when they‚Äôve finished playing. There have been times that I‚Äôve been right on the edge of sleep and the meditation restarts, waking me up. 

Fourth, the wake up feature DOES NOT work for me. If I do not set a backup alarm, I will not wake up. I don‚Äôt know if it‚Äôs even going off or just so subtle that I don‚Äôt hear it or what.

Fifth, many times when I do finally wake up, the app is already off and only tracked for about 30 minutes. 

While hearing the sounds that occur while I‚Äôm sleeping was neat, it is definitely not $60 neat. And my FitBit does a much better job at ACTUALLY tracking my sleep.I loved this app a lot. I didn‚Äôt pay for premium, because it‚Äôs way too expensive for me, but I really liked the features that it gave me without premium. It was usually pretty accurate, but some mornings, I would wake up and the app had just stopped tracking my sleep on its own which was very annoying. Just recently, I started playing music to help me fall asleep, and the music messed with the tracker, so I had to stop doing that, but last night, I didn‚Äôt have music playing, and it told me I got one minute of sleep even though I know I slept for at least seven and a half hours. I don‚Äôt know what‚Äôs going on, but I‚Äôm really upset that it‚Äôs not working anymore.I don‚Äôt know what happened. This was a great app until the last update. Now I‚Äôm getting a 97% score (previously mid 60‚Äôs), giving me 8+ hours of sleep.. even though I have almost 2 hours of awake time in between. 

You are counting from the moment I set the app until I physically tap awake. This app used to give me the amount of light and deep sleep I acquired, as well as the correct amount of time it took me to fall asleep.. it reported 7 minutes last night, even though I read for almost an hour. Like I said, it used to be accurate. 

I was considering the upgrade, but I‚Äôm looking into other apps.I have only been using for 3 days, and so far...

Music/sound options are varied and pleasant, but stops so abruptly when the sleep timer activates that it wakes me up. Also, audio stops when the phone is turned off, so then phone is on all night. The tracking doesn‚Äôt appear to be quite accurate either but could mostly be unclear labeling. 

This app has a lot of potential and I hope you keep working on it, but it needs some major improvement to be worthy of a subscription fee.This app attempts to track your sleep through your iPhone microphone. It picks up snoring and other noises. You have to activate it manually before you go to sleep. I was assuming it would be way more sophisticated and use my Apple Watch to detect motion, heart rate, etc. The sleep tracking app on my Fitbit from 6 years ago was ten time more sophisticated than this. 
I‚Äôm just hoping I don‚Äôt have to follow through cancelling this before I‚Äôm charged $60 because the language is pretty ambiguous when you try to cancel. Very disappointed.Some days it records, other days it skips, even though it asks me to ‚Äúquit‚Äù recording in the morning.  My alarm is not reliable.  It rings at a different time than it‚Äôs set for, or frequently doesn‚Äôt ring at all.  

‚ÄòProbably not ShutEye‚Äôs problem, but my Bouvier sleeps in the floor beside me; I‚Äôm not sure if it‚Äôs tracking her snoring or mine.  I have been diagnosed with sleep apnea, and thought this would be a great tool for me.

Maybe my household is too complicated.  I‚Äôm not sure how it would distinguish between bed partners??App registers all noise in room,which in my case, includes one other person and a dog, both of whom snore and move around a lot. This gives the app the impression I am getting very light sleep and other disastrous results, such as sleep apnea (dog snoring). In the morning I feel disappointed when I see my low score. I don‚Äôt know why I am still using it. Maybe because it‚Äôs funny to record all the farts. I cannot recommend this app for anyone who is not a solo sleeper. Will finally delete tonight. Sorry I paid.I really liked the app, it was pretty accurate on my nighttime wake ups and tracking my sleep. But since the upgrade there have been several instances of me getting out of bed and it doesn‚Äôt show in the tracker, also there have been times that it shows I was in bed for way longer than I actually was, and have had times that I was in bed for over 15 hours, when I definitely had hit wake up.So I have a lot of trouble falling asleep and waking back up and I was referred to this app, and the tracking was actually okay. I was interested in the recording feature it offered but the only clips it would pick up would be the random noises in my room. The REAL issue I have with the app is the alarm set up. The alarm is SOOO peaceful I will sleep through it for 2+ hours. So sadly the app, though it has some okay features, was a failure for me.Started the first muscle relaxation session and was expecting a proper mindfulness mediation session. But instead, the narrator starts talking about about chakras and focusing on my third eye, which are a religious concept that I don‚Äòt follow or support. Also showing horoscopes and tons of other unnecessary stuff, like News. Who would expect news in a sleep tracking app?The app is a great idea and I love the sounds, but to navigate from page to page is a nightmare.  There are no cursors or menu bars that I can see.  Somehow I finally get to the page to star the tracking.  I will be canceling my subscription.The free version offered to track your sleep, but you have to purchase the app to see the analysis. Not only that, the tracking result showed an ideal sleep pattern - yet I was awake most of the night, and my dog snored loudly as well. 

Great idea, but I'm not buying itI love this app when it works. But that is about one in three nights. Most times I wake up and it says it has been tracking lass than half an hour. So disappointing.I feel like this app could be useful to folks but mine stopped tracking my sleep after three nights. it requires seven to do a sleep analysis so I ended up canceling before the week ended.This app might be good for single people, but it picks up my husband‚Äôs snoring and movements as well as mine so it‚Äôs not useful in tracking my sleep. This morning it woke me up because it heard him get out of bed üòïI don‚Äôt know why this sleep app came up when I searched for Apple Watch sleep apps when it doesn‚Äôt work on the Apple Watch. I have no idea what it‚Äôs tracking when I don‚Äôt have my phone in the bedroom.It does not work because my phone is glitching every single second and I barely get what my sleep score",0,"This isn‚Äôt accurate‚Ä¶Inaccurate and awfulPretty Good Recording QualityOk at bestStopped working after a few daysstopped working all of a suddenAccurate prior to updateGreat idea, but this app is not quite there yetHow are these reviews real?I question the accuracy of the software.Doesn‚Äôt work with more than one sleeperLoved it until the updateThe music is way too peacefulMixed with religion, lots of bloated featuresApp needs better instructions on how to use it.Rip-offDoesn‚Äôt trackCould be goodGood for single peopleApples watchDoes not work",TheStinkyRebelVaVa4242CopeknightJollyRancher 47ShyDethKittenbob365<3AhdiddjenjefiuhwhehsJRMcGeeSuperfry1Bouvier babymarnieanneAlisiaRNEmory moserMitchKmannden9zmzberryTony in SeattleJenlar7983Bangingpatchoulicher901.......mila,ShutEye Sleep Tracker SoundShutEye Sleep Tracker SoundShutEye Sleep Tracker SoundShutEye Sleep Tracker SoundShutEye Sleep Tracker SoundShutEye Sleep Tracker SoundShutEye Sleep Tracker SoundShutEye Sleep Tracker SoundShutEye Sleep Tracker SoundShutEye Sleep Tracker SoundShutEye Sleep Tracker SoundShutEye Sleep Tracker SoundShutEye Sleep Tracker SoundShutEye Sleep Tracker SoundShutEye Sleep Tracker SoundShutEye Sleep Tracker SoundShutEye Sleep Tracker SoundShutEye Sleep Tracker SoundShutEye Sleep Tracker SoundShutEye Sleep Tracker SoundShutEye Sleep Tracker Sound,0,0,0,0,0,0,21,0,1,0,2206,has_tracking,81
3,neg,2023-03-20 11:59:352023-11-05 17:57:582023-03-02 21:20:582023-02-08 07:23:162023-08-18 06:26:312023-01-17 02:19:172021-09-13 09:37:582023-11-11 23:14:092022-01-17 05:31:562023-04-28 12:42:432021-05-17 11:03:512022-11-17 11:51:042023-07-25 10:49:212022-01-08 14:53:442023-01-20 09:31:50,"{'id': 35514644, 'body': 'Hi Kwluv44, we‚Äôre sorry for the inconvenience. We‚Äôve already alerted the designers to this problem. If you could send a detailed account of the problem to\xa0shuteye_support@enerjoy.life, it would really help us resolve this problem quickly.\xa0', 'modified': '2023-03-22T01:47:33Z'}{'id': 35216154, 'body': 'Hi Mbrown 1958, sorry for the inconvenience. We provide a free trial to let our users try the premium features completely for free, before committing to pay. If you have any problems, please feel free to contact us at shuteye_support@enerjoy.life. Thanks.', 'modified': '2023-03-06T03:17:07Z'}{'id': 34785286, 'body': ""Hi BotchedBabe, thanks for your feedback. ShutEye recognizes, calculates, and analyzes the files recorded by the microphone through artificial intelligence algorithms to produce your sleep status information. For more accurate data a quiet sleep area is best. Thanks for bringing this problem to our attention, we'll take your advice into consideration. Thanks again."", 'modified': '2023-02-10T02:26:52Z'}{'id': 34370234, 'body': 'Hi Pink Narwal123, thanks so much for the feedback! We‚Äôre glad to hear you like the content we offer and sorry for the inconvenience. The operation of sleep tracker is associated with the memory of your mobile phone. Please check it first, if you still have problems, please contact shuteye_support@enerjoy.life at any time. Thanks!', 'modified': '2023-01-19T03:20:23Z'}{'id': 25277676, 'body': 'Thank you for the feedback and we feel so sorry for bringing such an inconvenience to you. One reason for the discrepancy might be that the app records time spent asleep, not time in bed. Taking this into account, if you still feel Sleep Tracker has shut off prematurely, this might be caused by insufficient phone charge. Please be sure that your phone is plugged in while using Sleep Tracker.  ', 'modified': '2021-09-23T12:53:55Z'}{'id': 27631462, 'body': 'Thanks for your feedback, I‚Äôm so sorry that our sleep tracker can‚Äôt track two people‚Äôs sleep at the same time now. ShutEye recognizes, calculates, and analyzes the files recorded by the microphone through artificial intelligence algorithms to produce your sleep status information. So two people‚Äôs noise may be regarded as one‚Äôs noise now. We consider adding a feature like this in a future update. Stay tuned, and thanks so much for helping us improve our product.', 'modified': '2022-01-24T14:58:33Z'}{'id': 36344156, 'body': 'Hi, thank you for the feedback, we‚Äôll take your suggestion into consideration, we are always looking for new ways to continue improving. Thanks again.', 'modified': '2023-05-05T07:48:53Z'}{'id': 22907136, 'body': 'Hi. Thanks for your feedback, I‚Äôm so sorry that our sleep tracker can‚Äôt track two people‚Äôs sleep at the same time now. ShutEye recognizes, calculates, and analyzes the files recorded by the microphone through artificial intelligence algorithms to produce your sleep status information. So two people‚Äôs noise may be regarded as one‚Äôs noise now. We consider adding a feature like this in a future update. Stay tuned, and thanks so much for helping us improve our product. Hope you can enjoy the app without it.\r\n', 'modified': '2021-05-20T03:02:56Z'}{'id': 33284628, 'body': 'Hi fjhchr dhhe, we are sorry for the inconvenience. When Sleep Tracker senses your phone‚Äôs charge is low, it will automatically shut off and cease recording data. If you find Sleep Tracker is shutting down prematurely, please ensure that your phone is plugged in and charging when using Sleep Tracker. If you still have any questions, you can contact our email shuteye_support@enerjoy.life and the staff will answer your questions. Thank you for your support and understanding!', 'modified': '2022-11-21T15:16:44Z'}{'id': 27631099, 'body': 'We really understand your opinion. But as we‚Äôre a small developer, we currently rely on user support to help us improve quality and content. We‚Äôre doing our best to keep improving and adding new features, so we can earn that support. Thank you for your understanding.', 'modified': '2022-01-24T14:44:22Z'}{'id': 34527763, 'body': 'Hi Egie5, we‚Äôre sorry for the inconvenience. If you could send a detailed account of the problem to\xa0shuteye_support@enerjoy.life, it would really help us resolve this problem quickly.\xa0Thanks.', 'modified': '2023-01-28T03:38:44Z'}","I have severe sleep apnea, so a friend of mine suggested I try this app to see what happens when I sleep. It worked for 3 nights. Last night the app shut itself off. I restarted it at midnight and come morning I could not even open my phone. It told me the app crashed and it locked me out of my phone by saying phone is unavailable try again in 1 minute that 1 minute turned into 5. I was able to shut my phone down buy pushing every side button at the same time. To be honest I expected this app to be so much more. It doesn‚Äôt give you a sleep score and when it tells you that it tells you when you talk in your sleep and so on. It gets it all wrong. This app needs a lot more improvement in order to tell when your awake or Animal noises is me struggling to breathe. I guess the way I look at it is this needs a lot more work because it can tell you if you have sleep apnea or not. The first night it said I had mild sleep apnea but the next night was severe and the following night it was call a doctor immediately. Just so everyone knows I am aware I have severe sleep apnea. I can not wear those masks over my face I feel like I‚Äôm suffocating.I‚Äôve been using this now for several months. There‚Äôs a couple of things that really make me frustrated. One is in the recommended activities to do before going to bed. It has a guided meditation that you can‚Äôt select a different one. It has just one standard one that I am supposed to do nightly, and I cannot stand that one. I wish I had more of the other options that I could use to improve my sleep score. Also, when there‚Äôs a seasonal time change it counts the hours of sleep incorrectly. And, when myself or my husband because we are both using it have insomnia in the middle of the night there‚Äôs no way to pause the app to demonstrate that we are actually wide awake for a while. often it records instead that that was a period of deep sleep.When I signed up, it gave a monthly breakdown.  I got charged $30 for a year.  When I went to cancel, no refund for unused months (can still access).  That‚Äôs not cool.  

While the app is ‚Äòunique ‚Äò, it often misinterprets sounds.  I also don‚Äôt see how a phone that‚Äôs not physically connected to you can tell that you‚Äôre not asleep.  I often get scores that make no sense.   I wake up at 5:15 after sleeping through the night and the app says I was awake for over 2 hours (????).  I don‚Äôt really trust the results.   

At the end of the day, I don‚Äôt really need some app misinterpreting my sleep. I‚Äôm either sleeping well or I‚Äôm not.  Don‚Äôt need a blow-by-blow summary of every single thing I did during the night.I love this app, i really primarily use it for the sleep sounds and I love the smart alarm.

 I don‚Äôt think this actually ‚Äútracks‚Äù my sleep because I can be awake and rolling around bed literally all night and this app will say I slept like a rock. Also when I get out of bed to go potty, it just thinks I was really quiet for a moment. Could we add a pause button maybe? Ontop of that, usually I end up taking sleep meds or warm milk after I‚Äôve been trying to sleep for a while and it‚Äôs not working. Could we add an update button? And what if I sleep on the couch for some reason? There‚Äôs a ‚Äúnew bed‚Äù option, but nothing for a couch or something like that. What if someone stays the night? There‚Äôs no option for sharing a bed. I smoke weed to sleep sometimes, where‚Äôs that option? 

Would it track my sleep better if I put my phone on my bed or in my bed frame rather than the bedside table? 

All in all, it‚Äôs a fantastic app to help you fall asleep and wake up, but not great at actually tracking your sleep patterns.I‚Äôm not a sound sleeper and I often have trouble getting to sleep. After a few nights of using the app, I couldn‚Äôt fall asleep one night so shut it down to do other things on my phone. It had recorded that I was asleep for 26 minutes when I hadn‚Äôt slept at all. It was then that I realized it was actually tracking my Great Dane, who was sleeping soundly about equidistant from the phone from where I‚Äôd been laying. I paid for a full year subscription to find out that my dog is a sound sleeper. I didn‚Äôt need an app to tell me that, or that she snores on occasion. The app also made my phone run hot.Hello! 
    I have been using ShutEye for about a year with no issue at all until New Year‚Äôs Day. At 12:00 A.M., I fell asleep. It was normal. The night after that however, I fell asleep woke up and got a message saying that I had only been tracking 30 minutes, when I am certain that I tracked all night. This kept happening until January ninth, then it went back to these messages saying I‚Äôve only been tracking for less than 30 minutes. When I went on to write this review, there was an update which I had no prior knowledge of. Please fix this issue! 

Sincerely, Miss Violet Helen WiedmanThe set up, displays, graphs, music are all great ‚Ä¶ as along as you aren‚Äôt concerned with anything other than the time you fell asleep and the time you woke up. If you want to know the quality of your sleep, which is what graph is for, that‚Äôs a no go for me. It never catches when I wake up in the middle of the night - the dog has to go out, I start coughing, or other reasons. If I start talking it just thinks it‚Äôs back ground noise. I got a score of 95% last night when I must have woke up 4 times an hour. It was a terrible night‚Äôs sleep. Definitely not 95%I‚Äôve been using the app for almost 2 years. My subscription stopped working, then when they resolved the issue, I lost all of my data. They didn‚Äôt even offer any type of compensation for the 2 years of tracking that was deleted A free year would have been nice.  Now, 20 days later I‚Äôm having the same issue even though I have a subscription until next May. I‚Äôm about to jump ship to another app that is highly recommended.I‚Äôm still in the trial phase, probably not going to keep it. I‚Äôve learned better sleep habits but it doesn‚Äôt seem to track my sleep. 

Never fallen asleep to a sound machine before. My husband said he slept so well on my first night. The second, he fell asleep before me so I turned it on and managed to fall asleep fast before I did my normal night time routine to get tired. 
Also, I am awful in the mornings. 3 alarms, I‚Äôll snooze for over an hour, and still struggle to get out of bed. I risked it and set this alarm for the gradual wake up at my last usual alarm time. While I still didn‚Äôt want to get out of bed, I was easily awake!

For the sleep tracking, not one clip I‚Äôve listened to has been me. It is all my husband so I‚Äôm not getting any information on my sleep. I‚Äôll get a different app for the sounds and alarm for free.Well designed and attractive app. Has a lot of promise, but as some of the other reviews mention, it is hard to tell when you‚Äôre asleep if it isn‚Äôt tracking heartbeat too. If you have a spouse or significant other who also snores or makes sounds too, this likely won‚Äôt work because their noises will be picked up as disturbances causing you to delete the report for that day.After a few days of tracking my sleep I realized that the app is picking up my husbands snoring and sleep habits. I know I had a good night sleep and yet the app indicated I was awake from 1-2 am. As it turns out my husband was awake at tat time. This happened more than once. The information was interesting but not completely accurate.Lately, It has been acting up like it turns off before I even wake up. So my sleep score has been a zero for two days now, and I don‚Äôt even know what happens when I‚Äôm sleep. I don‚Äôt know if I sleep talk, is there noise or is it raining. U can‚Äôt even tell you because it is broke so please fix this.üôÇüòäThe app is only okay. My wife and I go to sleep at different times most nights and the app says I wake up when she comes in so it doesn‚Äôt continue tracking my sleep. Other times it will rack us both so I get recordings of both of us.I‚Äôm not about to pay 30$ just to know is I snored or not and that‚Äôs all I wanted to track but the only thing it did good at is tracking my deep and light sleepIt‚Äôs nice to go to sleep to music but I haven‚Äôt found any tracking results in the a.m.",0,"I have severe Sleep ApneaNot worth the money, but interestingOne year subscription only optionI have improvement requests.I thought the numbers might be off..Issues with the appDoesn‚Äôt tract accuratelySubscription IssuesPros and consCould have been a contenderNot sure this is working for meBROKEN!!!It‚Äôs okayThis app is a no go for me!I like ethe idea",Kwluv44ADD txMbrown 1958BotchedBabejustno9Pink Narwal123kbgcsbp5HE1001dnotsonicedesignisgoPortJeffGirlfjhchr dhheNin Jarobitzz_rettaEgie5,ShutEye Sleep Tracker SoundShutEye Sleep Tracker SoundShutEye Sleep Tracker SoundShutEye Sleep Tracker SoundShutEye Sleep Tracker SoundShutEye Sleep Tracker SoundShutEye Sleep Tracker SoundShutEye Sleep Tracker SoundShutEye Sleep Tracker SoundShutEye Sleep Tracker SoundShutEye Sleep Tracker SoundShutEye Sleep Tracker SoundShutEye Sleep Tracker SoundShutEye Sleep Tracker SoundShutEye Sleep Tracker Sound,0,0,0,0,0,0,15,0,0,0,1615,has_tracking,81
4,neg,2021-10-09 16:15:442022-02-06 16:44:442020-05-25 13:57:102022-11-26 04:43:552023-04-02 14:55:212021-06-01 20:46:172020-07-07 08:42:36,"{'id': 26424551, 'body': 'Hi, nmrotstein. Thank you for the feedback, we‚Äôll take your suggestion into consideration, we are always looking for new ways to continue improving. We take giving users a positive experience seriously, so we value feedback like you immensely. Thanks again.', 'modified': '2021-11-23T06:47:17Z'}{'id': 27962566, 'body': 'Hi, we‚Äôre sorry for the inconvenience. We‚Äôve already alerted the designers to this problem. Could you please send a detailed description of the problem and screenshots to\xa0contact.sleep@enerjoy.life? It would really help us resolve this problem quickly.\xa0Thanks!', 'modified': '2022-02-10T09:29:28Z'}{'id': 15800907, 'body': 'We really understand your opinion. But as we‚Äôre a small developer, we currently rely on user support to help us improve quality and content. We‚Äôre doing our best to keep improving and adding new features, so we can earn that support. Thank you for your understanding. ', 'modified': '2020-06-05T12:31:05Z'}{'id': 33425032, 'body': 'Hi hearper5hearts, we are sorry for the inconvenience. Our sleep recording software relies on environmental queues. If you don‚Äôt make much noise,  unfortunately our app will not be able to recognize you are awake. We‚Äôll take your suggestion into consideration as we are always looking for new ways to continue improving. Stay tuned for our future improvement. Thank you for your support and understanding!', 'modified': '2022-11-29T08:31:07Z'}{'id': 23240334, 'body': 'We‚Äôre sorry for the inconvenience. We‚Äôve already alerted the developers to this problem. If you could send a detailed account of the problem to\xa0contact.sleep@enerjoy.life, it would really help us resolve this problem quickly.\xa0\r\n', 'modified': '2021-06-07T12:41:46Z'}","This app has been super useful for me in tracking my sleep while in the process of adjusting medications! However, there‚Äôs one major problem that I have with it: it effectively assumes that the time between you waking up and you stopping the app is just you forgetting to turn it off. This has been a major issue for tracking my sleep quality, because a lot of the time, the actual scenario is ‚ÄúI woke up several hours earlier than I intended to, lay in bed trying to fall back asleep for two hours, and then gave up.‚Äù This results in the app thinking my sleep quality as lower on days where I AM successful in falling back asleep than the days where I‚Äôm not, which is obviously a major issue when my goal is to track insomnia. Would absolutely change this to 5 stars if the app developers added a way to tell the app whether you were awake but forgot to turn it off or you were trying to sleep the whole time it was running, and adjusted sleep quality accordingly.I am amazed by the apps ability to do exactly what it says it can. I‚Äôm in the middle of my free trial but almost certain I will purchase a yearly subscription. 

The reason I gave only 4 stars is because the user interface is not the best, and in my short time has had a couple of bugs. If you say you want to start a sleep tracking accidentally, it doesn‚Äôt give you an option to cancel so you have to force close the app and open again. It also got stuck on the weather forecast for me when opening once. I don‚Äôt need a weather update when I open a sleep app. I have a weather app or Alexa for that. I think it‚Äôs neat it tacks the weather with your sleep to help provide answers to troublesome sleep but that is all I need it for.I like how this app can detect when you fall asleep and wake up. It‚Äôs a good app to get when your main goal is tracking your sleep. However, if you‚Äôre getting this app to hear yourself talking or snoring, or whatever you do in you sleep please note that it cost money. It may be just me but I really wish this app wasn‚Äôt as expensive, as I was very excited to hear the recordings of my sleep last night and instead was taken to an subscription add. I can understand where they come from and why they make it cost. If this is the case I don‚Äôt understand the point of saying you can click on something and use it when really you have to buy it.So I was listening to white noise and I clicked to start tracking and guess what I turned off tracking because i wasn‚Äôt ver tired and it said I was sleeping for 5 hours? Like what‚Ä¶ so I don‚Äôt know if this is even real- it said I was snoring at 3am and I wasn‚Äôt even awake for a minute I didn‚Äôt even go to bed soo‚Ä¶I would just be careful while using this because this is faking my sleep fix this?!Although I did not want to pay, they had a wheel to get a percentage off! Even just with it free, it‚Äôs very helpful. It said I woke up at 3:00
am which I did not, tracking my sleeping information incorrectly. I 
will continue using this app, with hopefully no more problems.Love the meditations. And sleep tracking. Cannot sign in on my iPad Air. My old iPad glitches every time I open the app.  I have to restart on my iPhone. When I want to listen to a different meditation. Already paid for the yearWhile the app is wonderful at tracking my sleep, every time I try listening to the music it provides, it causes the app to ‚Äúwake up‚Äù after 15 minutes. Still recommend.",0,"Great app, but‚Ä¶Pretty goodBit DisappointedHiVery Helpful!Needs workNo audio allowed",nmrotsteintamra4444Msteve58hearper5heartsgolden poopüòªüí©üòç‚ù§Ô∏èüíïNksosaMearii-tan,ShutEye Sleep Tracker SoundShutEye Sleep Tracker SoundShutEye Sleep Tracker SoundShutEye Sleep Tracker SoundShutEye Sleep Tracker SoundShutEye Sleep Tracker SoundShutEye Sleep Tracker Sound,0,0,0,0,0,0,7,0,0,0,670,has_tracking,81
4,pos,2022-03-29 02:29:202023-04-25 01:08:112023-01-24 03:09:542023-07-14 13:46:162020-08-26 16:43:13,"{'id': 28929601, 'body': 'Thanks for your feedback, I‚Äôm so sorry that our sleep tracker can‚Äôt track two people‚Äôs sleep at the same time now. ShutEye recognizes, calculates, and analyzes the files recorded by the microphone through artificial intelligence algorithms to produce your sleep status information. So two people‚Äôs noise may be regarded as one‚Äôs noise now. We consider adding a feature like this in a future update. Stay tuned, and thanks so much for helping us improve our product. Hope you can enjoy the app without it.', 'modified': '2022-04-02T02:26:01Z'}","This app has been great to track my sleep. I am already diagnosed with insomnia so seeing what happens during the night is helping me take steps to improve my sleep. The only downside is the app records my partner‚Äôs snoring which impacts my sleep score and suggestions. Maybe there could be an option to select that the recording was not you but your partner‚Äôs instead of just marking it as inaccurate.Hello! This app is great for tracking, even without premium features, like with some sleep apps needing a trial. Overall it is a fantastic app. My only complaint is somehow my days are off so it counts my Mondays as Sundays, and so on. How did this happen and how do I fix it?I love this app so far that are a lot of things that you need the paid version though. I is good for tracking your sleeping. I am one the free version. I think you should try it and see if you like it. üòÅOf course I‚Äôm not a bit but the white noise is really great and the sleep tracking could be more like sleep cycle in my case but it was really good and I would recommend itThis app Rey helps me especially when I‚Äôm sleeping  I really recommend  one tiny problem I have is  how do I track my sleep I know how to it‚Äôs. How do I see my tracking but overall amazing. Four in a half",0,Super helpfulGreat!So farIt‚Äôs really greatMy review,Gene flowersPizzamanwhosawsome is awesomeghdbxt tcuTJ14$&queenL‚ù§Ô∏è123456789,ShutEye Sleep Tracker SoundShutEye Sleep Tracker SoundShutEye Sleep Tracker SoundShutEye Sleep Tracker SoundShutEye Sleep Tracker Sound,0,0,0,0,0,0,5,0,0,0,249,has_tracking,81
5,neg,2022-03-24 19:17:062021-08-07 05:40:25,"{'id': 28841240, 'body': 'It‚Äôs great to hear you found our sleep recorder and tracker helpful. We believe the analysis really helps users better understand their sleep quality and habits like grinding or snoring. We also think understanding our sleep can help us improve it and resolve problems. Thanks so much for sharing your thoughts!', 'modified': '2022-03-29T02:42:56Z'}{'id': 24400848, 'body': 'Thank you for the feedback. We promise to protect your personal privacy and there is no need for you to worry about it. Hope you could enjoy our app! Thanks for your support again!', 'modified': '2021-08-09T12:50:57Z'}","I live alone and have been accused of snoring by my kids.  I saw the app and decided to give it try to confirm.  The app confirmed I had sleep apnea with over normal snoring.  I contacted my doctor, had a sleep test and tested positive for sleep apnea, severe score of 50+.  I am now waiting for my CPAP machine.  I will keep using to the app to confirm my sleep patterns.I like this app a lot but I feel it is tracking me down while I‚Äôm sleeping like people can hear the things I‚Äôm doing while I‚Äôm sleeping it‚Äôs just scaring me",0,This app may have saved my lifeI‚Äôm nervous,@AMG56Norqe,ShutEye Sleep Tracker SoundShutEye Sleep Tracker Sound,0,0,0,0,0,0,2,0,0,0,105,has_tracking,81
5,pos,2023-05-28 13:00:252022-06-15 09:10:352022-12-27 06:34:232022-06-19 07:11:112020-09-05 05:11:172022-06-18 14:13:382022-01-21 05:57:372022-11-23 07:38:272023-01-10 21:13:12,"{'id': 37308111, 'body': ""Thank you so much for your glowing review of our app! We're thrilled to hear that you love the many features we offer and our app has helped you fall asleep faster without having to rely on TV, and that you find the various white noise options helpful. We're also glad to hear that you like the sleep tracking feature and find it cool to see your sleep score and breakdown of light and heavy sleep. We strive to make our app accessible to everyone, which is why we offer a variety of features for free and keep our premium subscription at an affordable price. Thank you again for your kind words and for recommending our app to others who may be struggling with sleep problems. We're thrilled to have you as a satisfied user!\r\n\r"", 'modified': '2023-06-25T03:03:15Z'}{'id': 30466180, 'body': 'We‚Äôre so happy to hear ShutEye was able to help you! We hope all the different meditations and sleep sounds can send you right to bed. We also spend a lot of time making sure our library offers high-quality content. Thanks so much for the feedback.', 'modified': '2022-06-21T02:23:56Z'}{'id': 30466132, 'body': 'Hi, we‚Äôre sorry for the inconvenience. We‚Äôve already alerted the designers to this problem. Could you please send a detailed description of the problem and screenshots to\xa0shuteye_support@enerjoy.life? It would really help us resolve this problem quickly.\xa0Thanks!', 'modified': '2022-06-21T02:20:04Z'}{'id': 18368616, 'body': 'Thanks so much for the feedback! We‚Äôre glad to hear you like the content we offer, keep an eye out for more!', 'modified': '2020-10-09T08:26:11Z'}{'id': 30466151, 'body': 'We‚Äôre sorry for the inconvenience. We‚Äôve already alerted the designers to this problem. If you could send a detailed account of the problem to\xa0shuteye_support@enerjoy.life, it would really help us resolve this problem quickly.\xa0', 'modified': '2022-06-21T02:21:43Z'}","I üÖõüÖûüÖ•üÖî this app because it has SO many features like sleep meditations, white noise, and SO much more. It helps me fall asleep right away without having to watch TV. I also love how it tells you about why your having certain dreams and I think that's really cool. In the white noise, they have so many things like rain, fire place, exhaust fan, ocean waves, seagulls, keyboard, and MORE. 
I think that you should get this app because not EVERYTHING requires premium like a few things do, but not a lot. Also the premium is only around $2.99 a month! It's so nice. I have been able to sleep so much better from this app. 
It also tracks your sleep if you press the sleep button in the center of your screen and you answer questions like how have you been feeling (it gives you multiple choice or you can choose other) then, you set your phone next to your bed on the charger and when you go to sleep, it tracks if you talked, snoring loud or tossing and turning. It also tells you your sleep score after six days of tracking your sleep with the app, and it tells you how much light sleep or heavy sleep. It's cool to listen to what you said in your sleep, what you did, or how much you snored. 
This app is very good for me because i haven't been able to fall asleep. But this app makes me fall asleep right when i turn on the white noise or sleep meditation. 

‚ö†GET THIS SLEEP APP IF YOU HAVE SLEEP PROBLEMS / WANT TO TRACK YOUR SLEEP/ FALL ASLEEP FASTER!!! ‚ö†I love this app just for the sleep aid sounds alone! It has free features where you can create your own white noise combo (I like rain on tent + gentleness). You can even save your combos that you make. I also love that there‚Äôs stories, music, and other sleep aids! I haven‚Äôt been sleeping well lately and falling asleep is especially hard but this knocks me right out! I don‚Äôt find much use for the sleep recording because my fianc√© snores very loudly so it‚Äôs really tracking his sleep, not mine. Overall, I highly recommend for sleep aids!I love the white noise it provides. If I have ringing in my ears or trouble falling asleep I can try out new sounds. It measures sleep score and time asleep, but which is very helpful and I think it helps me improve my schedule at night. I used it almost every day for a month, and I saw it on an ad. I think that even if you don‚Äôt have trouble sleeping, this helps to see the quality or just get sleep sounds. This also helps if you have trouble sleeping, it helped me at least. Thanks ShutEyelove the app, getting to hear what I say in my sleep is always funny, though sometimes talking gets placed in other categories (usually something like coughing). Since the most recent update, however, it‚Äôs prompted me every time I‚Äôve opened to app to consult a doctor due to a purported elevated risk of sleep apnea despite the sleep tracker never having given me a sleep apnea risk score above mild. I feel like this is probably a bug, unless there‚Äôs something I‚Äôm missing.(there are not enough words to describe)

I have been using this app for about a week, and I can say that it has helped me A LOT. I love you can make your own mixes and that you get a score each morning you wake up. I think it's interesting that you can hear what you did when your sleeping. All and all I love the app. 5 out of 5 stars!! 

(so far this app has made me very happy, I would love to keep using it)This is the best sleep app I have. I like that it recorded my cat meowing last night it was so pitiful.üòªgreat job with this app. One thing I don‚Äôt like is it shuts off for no reason while I‚Äôm asleep. Also my score got higher than the current highest scores.I love the many features It has especially telling me things that might cause my sleep trouble and tracking snores.Wow when I was tracking my sleep I found out that I was cussing out my neighbor in my sleep great appThis is an amazing app that is really good at tracking your sleep but not over stepping.",0,This app is so coolWhite NoiseExtremely helpfulNew bugGreat. Amazing. Fantastic. Excellent. Good.Great appSmooth AppBest everGreat app,SJosephinehas1412Stiiiilll boreeeed!lightning43ivorybloodsh3dwmhjabvzjxkcjxjxnalexis lasatershane chavezmercusin,ShutEye Sleep Tracker SoundShutEye Sleep Tracker SoundShutEye Sleep Tracker SoundShutEye Sleep Tracker SoundShutEye Sleep Tracker SoundShutEye Sleep Tracker SoundShutEye Sleep Tracker SoundShutEye Sleep Tracker SoundShutEye Sleep Tracker Sound,0,0,0,0,0,0,9,0,0,0,762,has_tracking,81
1,neg,2020-11-22 15:04:09,"{'id': 19306715, 'body': 'Hi, Helena, we really understand your opinion. But as we‚Äôre a small developer, we currently rely on user support to help us improve quality and content. We‚Äôre doing our best to keep improving and adding new features, so we can earn that support. Thank you for your understanding', 'modified': '2020-11-24T02:52:03Z'}","This app would‚Äôve been perfect if the developers weren‚Äôt so hungry for people‚Äôs money. Almost everything you can do on this app you have to pay money for. The specialized plan, the ability to hear your fart, having more than one bedtime story, I can‚Äôt keep hearing them from my mommy! If you want to help people with their sleeping patterns, at least make the major actions free. 1 Star, I‚Äôm calling the sleep fart fairy and telling her not to advertise this app for people who want to hear their farts/their friends farts.",0,Money-Greedy!,Helena Afify,ShutEye Sleep Tracker Sound,0,0,0,0,0,0,0,0,1,0,94,has_narrative,13
2,neg,2023-09-03 11:05:462022-03-03 14:45:55,"{'id': 38799907, 'body': 'We‚Äôre sorry you had this experience. Thank you for bringing it to our attention, and we‚Äôre doing our best to resolve this issue. We take giving users a positive experience seriously, so we value feedback like you immensely. Thanks again.', 'modified': '2023-09-08T09:55:36Z'}{'id': 28441252, 'body': 'Thank you for the feedback,\xa0we‚Äôre sorry for the inconvenience. We‚Äôve already alerted the designers to this problem. If you could send a detailed account of the problem to\xa0shuteye_support@enerjoy.life, it would really help us resolve this problem quickly.\xa0', 'modified': '2022-03-08T07:02:31Z'}","This app is not accurate in the slightest. I paid for the full year subscription because I got a 50% discount when I logged in. However, after having for only two weeks I‚Äôm disappointed and am regretting buying. I use both my phone and this app for the tracking sleep. I also have a history of struggling to fall asleep and waking up several times throughout the night. My watch picked up on how long it took for me to fall asleep and every time I woke up. On the other hand, the app said I fell asleep in 5 minutes and never woke up. Ik this isn‚Äôt right because 30 minutes after trying to fall asleep I checked the time, and I remember waking up during the night. This app only goes off sound, there‚Äôs no way for it to get an accurate account without heart rate and movements. The only feature I do like is the sounds, and the only good part to come out of the subscription is how many of them there are. Otherwise, don‚Äôt waste your moneyIt‚Äôs fine for the most part. But it clearly doesn‚Äôt understand the sounds says there‚Äôs sounds when I listen to a story when I sleep says it‚Äôs everything when it‚Äôs not. The sounds are not accurate even if I‚Äôm in a quiet place.",0,Inaccurate and awfulEh,VaVa4242SorryNotSorryAsh,ShutEye Sleep Tracker SoundShutEye Sleep Tracker Sound,0,0,0,0,0,0,1,0,2,0,225,has_narrative,13
3,neg,2022-07-09 13:29:52,0,This is the second time the app stopped functioning (on 13 Pro Max) 2 months before my 6 month plan ended! I must delete the app and reinstall it to fix the issue. This deletes ALL MY HISTORY! I‚Äôve reached out to tech support in the past but they never provided a solution.,0,App stops working after 4 months,MM2525,ShutEye Sleep Tracker Sound,0,0,0,0,0,0,0,0,1,0,53,has_narrative,13
4,neg,2022-04-08 10:45:362021-03-30 12:36:08,"{'id': 29115165, 'body': 'We‚Äôre sorry for the inconvenience. We‚Äôve already alerted the designers to this problem.Thanks so much for the feedback!', 'modified': '2022-04-12T03:15:51Z'}{'id': 22272972, 'body': 'Thank you for the feedback, we‚Äôll take your suggestion into consideration, we are always looking for new ways to continue improving.\r\n', 'modified': '2021-04-16T03:03:05Z'}","Everything with this app is helpful except when I wake up and click to turn it off, it shows me the weather for the day instead of the sleep information it tracked. There‚Äôs no X out of that screen. To get the sleep information, I have to swipe out of the app, remove its history, reopen the app and click on statistic from the previous evening. Seems like it‚Äôs a glitch that needs addressing. Please add an x or allow the screen to give the sleep information promptly after showing the weather. I have a rather app after all‚Ä¶I bought a subscription to Shut Eye to show me how I sleep. Thank youI love it but maybe you could have it so that the sounds to go to sleep by were longer and have a few more options for people who can not afford or choose not to go premium, I would honestly be surprised if during the review of how I sleep you didn‚Äôt pick up me telling the story of Cinderella.",0,Great! Except‚Ä¶üòïWonderful but.......,RlcncRottiemom67,ShutEye Sleep Tracker SoundShutEye Sleep Tracker Sound,0,0,0,0,0,0,0,0,2,0,174,has_narrative,13
5,neg,2021-06-25 06:18:40,"{'id': 23652904, 'body': 'Hi, thanks for your comment and feedback. We are so sorry that we deleted the Alice in Wonderland story by mistake. We promise to bring it back in the next version. Thanks for your support and understanding!', 'modified': '2021-06-29T12:07:28Z'}",I was about to leave a 5 star review while updating the app. I listen to the same sound every night. My only suggestion or request was going to be to add more of the whispered stories. Now that I updated the one story I listened to every night because  is gone????? Why? üòî at least bring back the Alice in Wonderland story. Geez :(,0,Not really sure what happened..,Emphases,ShutEye Sleep Tracker Sound,0,0,0,0,0,0,0,0,1,0,65,has_narrative,13
5,pos,2020-07-25 01:52:302022-03-29 04:48:462022-11-09 05:04:202020-08-23 18:10:002022-02-27 06:06:492023-03-25 02:31:27,"{'id': 28929608, 'body': 'We‚Äôre glad to hear you like it! We really value user feedback from people like you.', 'modified': '2022-04-02T02:26:57Z'}","this app offers so much. it has a bunch of sounds and songs to play as you fall asleep. theres also a few storys and alot of pre-recorded songs. me, myself, i like the office one because the sound of the clock with the keyboard just makes it eaiser to sleep, it really helped me get asleep faster. it also can track your talking, snoring, light sleep, deep sleep and farting XD.  im nine writing this.This app is awesome. I live the features and the valuable information I am receiving.I have a history of talking in my sleep and this app will help me discover why.I‚Äôve always wanted to know if I had apnea or how many times I wake in the night. This really tells the story which I‚Äôm relating to my physician.This app is awesome!!  When u get out the tab you still here the music and the story your listening to. It also tracks what you do when you sleep. It‚Äôs so AWESOME üòé the best part it‚Äôs FREE !!! Get it now !!!!This app helps me a lot I can see if I snore or how I snore the noises I make and tells me my fav bed time story‚Äôs that why I rate it a 5out of 5I love all the choices to listening for relaxation and story time is great!",0,best app for sleeping and a lot more...AwesomeGreat AppDOWNLOAD NOW !!!!What I like about this appSleep,IliskanddunconsciousvibesBottomSidesflmango queenTalaiya.Lsunstance,ShutEye Sleep Tracker SoundShutEye Sleep Tracker SoundShutEye Sleep Tracker SoundShutEye Sleep Tracker SoundShutEye Sleep Tracker SoundShutEye Sleep Tracker Sound,0,0,0,0,0,0,0,0,6,0,231,has_narrative,13
